run,steps,wall_s,status,cpu_run_pct,rss_mean_mb,lat_total_ms,lat_engine_ms,lat_block_ms,lat_motion_onset_ms,ep_final_m,ep_yaw_deg,final_x_m,final_y_m,markers_complete
1,12,55.9856,success,0.0,3.4,4.694938659667969,4.838228225708008,-0.14328956604003906,124.91345405578613,0.02186776164235042,0.03662343303061472,0.8180335498807837,0.8123689157950056,True
2,12,56.4064,success,0.0,3.4,2.1331310272216797,9.69076156616211,-7.55763053894043,144.32311058044434,0.029021231402873236,0.3308755010626041,0.8222666483887813,0.8186125828854971,True
3,12,57.472,success,0.0,3.4,0.5104541778564453,0.9934902191162109,-0.4830360412597656,153.53846549987793,0.023810940877341234,0.44990119038801635,0.8090492161991825,0.8220243635922742,True
4,12,55.6845,success,0.0,3.4,0.9529590606689453,1.085519790649414,-0.13256072998046875,124.41182136535645,0.02801524760132124,0.4281907651691351,0.8212099268923718,0.8183028167062771,True
5,12,56.3899,success,0.0,3.4,0.10156631469726562,0.24890899658203125,-0.14734268188476562,127.3946762084961,0.019343921384630407,0.024971672889482186,0.8103970723956455,0.8163122095417655,True
6,12,56.4028,success,0.0,3.4,0.9858608245849609,1.1298656463623047,-0.14400482177734375,153.97047996520996,0.0163295491285833,0.46492032459202787,0.81301565193335,0.8098613883146694,True
7,12,56.3854,success,0.0,3.4,1.0707378387451172,1.1870861053466797,-0.1163482666015625,146.8186378479004,0.01892780432883153,0.30382870863842565,0.8112253495031947,0.8152398590952036,True
8,12,58.0945,success,0.0,3.4,0.48160552978515625,0.9415149688720703,-0.45990943908691406,156.5544605255127,0.019147251780353206,0.5288474685521538,0.8166079563313794,0.8095285380429127,True
9,12,54.6799,success,7.64,35.4,1.4271736145019531,1.8603801727294922,-0.43320655822753906,129.81867790222168,0.019363216983445564,0.5027983417100315,0.8193475971786119,0.8007775958861539,True
10,12,54.4314,success,7.79,35.5,0.09655952453613281,0.21910667419433594,-0.12254714965820312,117.36440658569336,0.023066339211463584,0.5836133051850364,0.8210941488279329,0.7906676428570631,True
11,12,55.0873,success,8.13,35.5,0.13303756713867188,0.2503395080566406,-0.11730194091796875,163.1929874420166,0.013747079200047578,0.15775077705673266,0.813117883695949,0.7958886360083375,True
12,12,56.2324,success,0.0,3.4,1.1627674102783203,1.2929439544677734,-0.13017654418945312,135.68353652954102,0.0153903374454629,0.3644526368939876,0.8088457290470028,0.8125942671208859,True
13,12,55.1394,success,7.85,35.5,0.5438327789306641,1.0120868682861328,-0.46825408935546875,143.06211471557617,0.019502566239384195,0.41507330132677667,0.8194939671506827,0.7994209191337346,True
14,12,55.4126,success,0.0,3.4,0.42128562927246094,0.9858608245849609,-0.5645751953125,126.63888931274414,0.0232827660859138,0.35886035346297956,0.8168441186779699,0.8160736698539519,True
15,12,56.7531,success,7.96,35.5,0.4115104675292969,0.9355545043945312,-0.5240440368652344,145.0791358947754,0.01852222903446811,0.35028272521302983,0.816090105988523,0.7908249546222708,True
16,12,54.3289,success,7.84,35.5,0.4048347473144531,0.7936954498291016,-0.38886070251464844,143.29218864440918,0.01555775144430329,0.11530639626729931,0.8155107166758082,0.7987911583207352,True
17,12,54.6326,success,7.45,35.5,0.5049705505371094,0.9329319000244141,-0.4279613494873047,129.46486473083496,0.015115956813762625,0.043405523609196556,0.8132116977172494,0.792655396959429,True
18,12,55.1858,success,7.65,35.5,0.49304962158203125,0.8947849273681641,-0.4017353057861328,133.43238830566406,0.013201278795321052,0.09681487240726068,0.8121261005921,0.7947816241739343,True
19,12,54.8527,success,8.02,35.5,0.354766845703125,0.7882118225097656,-0.4334449768066406,134.44256782531738,0.017513130427695853,0.2216803858378091,0.8164305375040656,0.7939380552043933,True
20,12,56.3016,success,0.0,3.4,0.4889965057373047,1.4405250549316406,-0.9515285491943359,310.61649322509766,0.016044129118922466,0.3012132579394928,0.8057560325797405,0.8149760531558091,True
21,12,55.8659,success,0.0,3.4,0.34499168395996094,0.7026195526123047,-0.35762786865234375,139.59884643554688,0.015345638864143127,0.15454375682526605,0.8071212091819362,0.8135932708328719,True
22,12,56.1196,success,0.0,3.4,0.48613548278808594,1.0046958923339844,-0.5185604095458984,1498.9795684814453,0.10893391813396355,0.2739440195409521,0.6918875810523194,0.813353029218056,True
23,12,57.4637,success,0.0,3.4,0.4591941833496094,0.9715557098388672,-0.5123615264892578,146.96598052978516,0.017576250053749156,0.26041929351220844,0.8127810208563909,0.8120652423025987,True
24,12,53.8976,success,7.46,35.5,0.5328655242919922,1.2063980102539062,-0.6735324859619141,118.64018440246582,0.007525001399122945,0.3065048248542613,0.8066573307675604,0.796492067117504,True
25,12,55.6462,success,0.0,3.4,0.47278404235839844,0.7853507995605469,-0.31256675720214844,125.84638595581055,0.02076995900397797,0.3897723624211428,0.8144899631211879,0.8148805969562225,True
26,12,56.1357,success,0.0,3.4,4.208564758300781,4.6520233154296875,-0.44345855712890625,149.96862411499023,0.029776620071788676,0.7743279649155984,0.8181011993466305,0.8236430472890698,True
27,12,56.4609,success,0.0,3.4,0.7359981536865234,0.8714199066162109,-0.1354217529296875,142.84896850585938,0.024021525509362283,0.6774140227094525,0.8163571059813328,0.8175920087458024,True
28,12,55.0675,success,0.0,3.4,46.16594314575195,0.39196014404296875,45.773983001708984,98.80399703979492,0.02767340308428976,1.1911258282057757,0.8214802072268971,0.8174475767874836,True
29,12,55.6932,success,0.0,3.4,0.9973049163818359,1.8684864044189453,-0.8711814880371094,1248.2926845550537,0.11808318900361497,0.44262888395551503,0.6832417714107465,0.8176396026588773,True
30,12,54.2454,success,7.59,35.5,0.39768218994140625,1.0437965393066406,-0.6461143493652344,119.91453170776367,0.022217190267168216,0.23358983249838572,0.8215784063940658,0.7947107731321016,True
