run,steps,wall_s,status,cpu_run_pct,rss_mean_mb,lat_total_ms,lat_engine_ms,lat_block_ms,lat_motion_onset_ms,ep_joint_max_rad,ep_joint_mean_rad,markers_complete
1,5,12.5973,success,12.46,37.2,0.4818439483642578,0.9453296661376953,-0.4634857177734375,81.78400993347168,0.033191732787972494,0.02411609647440849,True
2,5,11.127,success,10.78,37.2,0.4279613494873047,1.007080078125,-0.5791187286376953,75.15239715576172,0.024193447534672785,0.021286861550098703,True
3,5,11.1718,success,10.92,37.2,0.499725341796875,1.005411148071289,-0.5056858062744141,76.10607147216797,0.025030871111451525,0.02114930488768077,True
4,5,11.4151,success,0.0,3.4,0.45371055603027344,0.9403228759765625,-0.48661231994628906,80.29794692993164,0.020919841818664173,0.01954860087332364,True
5,5,11.2208,success,0.0,3.4,0.40721893310546875,1.3844966888427734,-0.9772777557373047,,0.03090317758276062,0.026385889687061386,True
6,5,11.5708,success,0.0,3.4,0.4298686981201172,1.2767314910888672,-0.84686279296875,,0.02611406849976669,0.021994369506823125,True
7,5,11.4593,success,0.0,3.4,0.3669261932373047,0.8931159973144531,-0.5261898040771484,83.62746238708496,0.0258272462308102,0.02124984550948079,True
8,5,11.4695,success,0.0,3.4,0.37407875061035156,0.7376670837402344,-0.3635883331298828,73.05312156677246,0.018828018743454834,0.018236325134800144,True
9,5,10.9257,success,10.43,37.2,0.6248950958251953,1.634359359741211,-1.0094642639160156,72.70383834838867,0.02869676577483086,0.02603529832776505,True
10,5,11.2446,success,0.0,3.4,0.4622936248779297,0.9634494781494141,-0.5011558532714844,71.25115394592285,0.024199648616388902,0.021873894093574108,True
11,5,11.2047,success,10.53,37.2,0.6341934204101562,0.9992122650146484,-0.3650188446044922,72.71313667297363,0.02583954262214039,0.024105928413166017,True
12,5,10.9536,success,10.59,37.2,0.5495548248291016,1.0352134704589844,-0.4856586456298828,76.79367065429688,0.02324453377731072,0.019754177440139,True
13,5,10.9907,success,10.83,37.2,0.43964385986328125,0.9825229644775391,-0.5428791046142578,75.07681846618652,0.026881441353327373,0.022017782585997375,True
14,5,11.0347,success,10.78,37.2,0.5393028259277344,1.0874271392822266,-0.5481243133544922,78.23443412780762,0.025829054358299554,0.024183163177338752,True
15,5,11.3143,success,0.0,3.4,0.4913806915283203,1.035451889038086,-0.5440711975097656,,0.024192084413532933,0.02179371372634824,True
16,5,11.2183,success,0.0,3.4,0.5013942718505859,1.2650489807128906,-0.7636547088623047,108.07442665100098,0.028696660431286436,0.022905884902762037,True
17,5,11.1289,success,10.87,37.2,0.5099773406982422,0.9002685546875,-0.3902912139892578,79.4987678527832,0.02582659343095679,0.02122705641921062,True
18,5,11.5116,success,0.0,3.4,0.7662773132324219,1.6036033630371094,-0.8373260498046875,82.21960067749023,0.025844278424747787,0.02338685370011029,True
19,5,11.1246,success,10.43,37.2,0.6418228149414062,0.8788108825683594,-0.23698806762695312,83.01973342895508,0.02582708852143956,0.022761207751757977,True
20,5,11.5142,success,0.0,3.4,1.100301742553711,1.2292861938476562,-0.1289844512939453,,0.02324426194326975,0.021768559419865618,True
21,5,11.7055,success,0.0,3.4,0.39124488830566406,1.0218620300292969,-0.6306171417236328,85.11495590209961,0.018833849279882037,0.017634378862916026,True
22,5,11.7591,success,0.0,3.4,0.5490779876708984,1.1093616485595703,-0.5602836608886719,88.30976486206055,0.02418438375655141,0.022581407485029997,True
23,5,11.4361,success,0.0,3.4,0.47516822814941406,1.1279582977294922,-0.6527900695800781,82.95321464538574,0.026877186918635942,0.023580088181025763,True
24,5,11.5314,success,0.0,3.4,0.301361083984375,0.7302761077880859,-0.42891502380371094,85.60895919799805,0.024192902653221604,0.021288630766925304,True
25,5,11.2922,success,0.0,3.4,72.82066345214844,74.29194450378418,-1.4712810516357422,,0.030937660496098918,0.025314842257373255,True
26,5,11.4117,success,0.0,3.4,0.07319450378417969,0.17333030700683594,-0.10013580322265625,80.28697967529297,0.027816917992514956,0.023511449342875006,True
27,5,11.1387,success,10.68,37.2,0.43582916259765625,1.0395050048828125,-0.6036758422851562,70.84369659423828,0.0232444670394964,0.020549243995154065,True
28,5,12.8885,success,0.0,3.4,0.4608631134033203,1.035451889038086,-0.5745887756347656,,0.040969153275090986,0.02930290081078456,True
29,5,11.3324,success,10.85,37.2,0.4525184631347656,1.1050701141357422,-0.6525516510009766,76.171875,0.02502380153035788,0.019869965842565035,True
30,5,11.5393,success,0.0,3.4,0.4124641418457031,1.2493133544921875,-0.8368492126464844,76.65681838989258,0.02505076395783723,0.01992065764391226,True
