run,steps,wall_s,status,cpu_run_pct,rss_mean_mb,lat_total_ms,lat_engine_ms,lat_block_ms,lat_motion_onset_ms,estop_cmd_ms,estop_event_ms,markers_complete
1,1,1.9301,aborted,0.0,3.4,2.1407604217529297,2.8727054595947266,-0.7319450378417969,126.220703125,0.08225440979003906,16.832351684570312,True
2,1,1.9479,aborted,9.75,35.7,2.465486526489258,3.002166748046875,-0.5366802215576172,140.305757522583,0.2722740173339844,39.10398483276367,True
3,1,1.934,aborted,9.3,35.7,0.5357265472412109,1.0094642639160156,-0.4737377166748047,115.53168296813965,0.07843971252441406,31.092166900634766,True
4,1,1.9634,aborted,11.2,35.7,0.5159378051757812,1.003265380859375,-0.48732757568359375,132.63392448425293,0.08320808410644531,48.89369010925293,True
5,1,1.9339,aborted,0.0,3.4,0.4711151123046875,1.1260509490966797,-0.6549358367919922,137.00246810913086,0.07200241088867188,30.287504196166992,True
6,1,1.9064,aborted,0.0,3.4,0.4687309265136719,0.8885860443115234,-0.41985511779785156,,0.8912086486816406,22.54199981689453,True
7,1,1.9187,aborted,0.0,3.4,0.5197525024414062,1.062154769897461,-0.5424022674560547,157.61923789978027,0.12612342834472656,19.609689712524414,True
8,1,1.9532,aborted,9.21,35.8,0.6723403930664062,1.0361671447753906,-0.3638267517089844,142.26317405700684,0.19311904907226562,39.31093215942383,True
9,1,1.9344,aborted,0.0,3.4,0.46062469482421875,0.9694099426269531,-0.5087852478027344,156.8317413330078,0.10132789611816406,38.138389587402344,True
10,1,1.9338,aborted,8.79,35.8,0.3917217254638672,0.9596347808837891,-0.5679130554199219,182.13224411010742,0.08106231689453125,22.18914031982422,True
11,1,1.9503,aborted,10.76,35.8,0.4279613494873047,0.7221698760986328,-0.2942085266113281,109.49110984802246,0.3371238708496094,39.49260711669922,True
12,1,1.9365,aborted,0.0,3.4,0.7195472717285156,1.1615753173828125,-0.4420280456542969,119.96340751647949,0.29087066650390625,30.899524688720703,True
13,1,1.8001,aborted,0.0,3.4,0.9057521820068359,1.5728473663330078,-0.6670951843261719,182.59644508361816,0.22029876708984375,26.6876220703125,True
14,1,1.931,aborted,0.0,3.4,0.4856586456298828,1.7044544219970703,-1.2187957763671875,156.74304962158203,0.24271011352539062,37.49561309814453,True
15,1,1.9177,aborted,0.0,3.4,0.5354881286621094,0.9133815765380859,-0.37789344787597656,136.58857345581055,0.07939338684082031,27.718305587768555,True
16,1,1.9385,aborted,0.0,3.4,0.08559226989746094,0.2014636993408203,-0.11587142944335938,130.13744354248047,0.30159950256347656,29.819488525390625,True
17,1,1.9205,aborted,10.93,35.8,0.07009506225585938,0.1811981201171875,-0.11110305786132812,129.93788719177246,0.08869171142578125,13.756752014160156,True
18,1,1.9344,aborted,9.82,35.8,0.3254413604736328,0.8833408355712891,-0.5578994750976562,138.1356716156006,0.07987022399902344,22.23515510559082,True
19,1,1.9279,aborted,0.0,3.4,0.34880638122558594,0.8907318115234375,-0.5419254302978516,133.02922248840332,0.3452301025390625,16.128063201904297,True
20,1,1.9126,aborted,7.84,35.8,0.42510032653808594,0.8854866027832031,-0.4603862762451172,142.75312423706055,0.09846687316894531,5.934000015258789,True
21,1,1.916,aborted,0.0,3.4,0.45871734619140625,0.7407665252685547,-0.28204917907714844,2000.4589557647705,0.32901763916015625,12.95614242553711,True
22,1,1.9662,aborted,0.0,3.4,1.1968612670898438,1.3229846954345703,-0.12612342834472656,122.68328666687012,0.3006458282470703,51.7430305480957,True
23,1,1.91,aborted,7.33,35.8,0.4363059997558594,1.2810230255126953,-0.8447170257568359,126.92832946777344,0.19931793212890625,4.69517707824707,True
24,1,1.946,aborted,9.76,35.8,0.5464553833007812,0.9896755218505859,-0.4432201385498047,121.99640274047852,0.1990795135498047,40.82441329956055,True
25,1,1.9355,aborted,7.75,35.8,0.3895759582519531,0.9872913360595703,-0.5977153778076172,126.04975700378418,0.07081031799316406,12.4664306640625,True
26,1,1.9163,aborted,0.0,3.4,0.04458427429199219,0.3414154052734375,-0.2968311309814453,137.11118698120117,0.05459785461425781,34.047842025756836,True
27,1,1.9302,aborted,0.0,3.4,0.3743171691894531,0.8225440979003906,-0.4482269287109375,138.26680183410645,0.06008148193359375,21.7592716217041,True
28,1,1.9443,aborted,7.71,35.8,0.5366802215576172,1.2121200561523438,-0.6754398345947266,141.39723777770996,0.09655952453613281,42.275190353393555,True
29,1,1.9323,aborted,7.24,35.8,0.39005279541015625,0.8885860443115234,-0.4985332489013672,121.70863151550293,0.08988380432128906,16.11161231994629,True
30,1,1.9288,aborted,0.0,3.4,0.43010711669921875,1.0144710540771484,-0.5843639373779297,261.43574714660645,0.11539459228515625,15.963077545166016,True
